"Post ID",Title,URLs,Categories
,,http://yoga-test.testing.com.ua/timeline_slider_post/1970/,
,,http://yoga-test.testing.com.ua/timeline_slider_post/1971/,
,,http://yoga-test.testing.com.ua/timeline_slider_post/1972/,
,,http://yoga-test.testing.com.ua/timeline_slider_post/1973/,
,,http://yoga-test.testing.com.ua/timeline_slider_post/1979/,
,,http://yoga-test.testing.com.ua/timeline_slider_post/1984/,
,,http://yoga-test.testing.com.ua/timeline_slider_post/1985/,
,,http://yoga-test.testing.com.ua/timeline_slider_post/1986/,
,,http://yoga-test.testing.com.ua/timeline_slider_post/1988/,
,,http://yoga-test.testing.com.ua/timeline_slider_post/1989/,
,,http://yoga-test.testing.com.ua/timeline_slider_post/1991/,
,,http://yoga-test.testing.com.ua/timeline_slider_post/1998/,
,,http://yoga-test.testing.com.ua/timeline_slider_post/1999/,
,,http://yoga-test.testing.com.ua/timeline_slider_post/2000/,
,,http://yoga-test.testing.com.ua/timeline_slider_post/2001/,
,,http://yoga-test.testing.com.ua/timeline_slider_post/2002/,
,,http://yoga-test.testing.com.ua/timeline_slider_post/2003/,
,,http://yoga-test.testing.com.ua/timeline_slider_post/2004/,
,,http://yoga-test.testing.com.ua/timeline_slider_post/2005/,
,,http://yoga-test.testing.com.ua/timeline_slider_post/2006/,
,,http://yoga-test.testing.com.ua/timeline_slider_post/2007/,
,,http://yoga-test.testing.com.ua/timeline_slider_post/2008/,
,,http://yoga-test.testing.com.ua/timeline_slider_post/2009/,
,,http://yoga-test.testing.com.ua/timeline_slider_post/2010/,
,,http://yoga-test.testing.com.ua/timeline_slider_post/2011/,
,,http://yoga-test.testing.com.ua/timeline_slider_post/2012/,
,,http://yoga-test.testing.com.ua/timeline_slider_post/2013/,
,,http://yoga-test.testing.com.ua/timeline_slider_post/2014/,
,,http://yoga-test.testing.com.ua/timeline_slider_post/2015/,
,,http://yoga-test.testing.com.ua/timeline_slider_post/2016/,
,,http://yoga-test.testing.com.ua/timeline_slider_post/2017/,
,,http://yoga-test.testing.com.ua/timeline_slider_post/2018/,
,,http://yoga-test.testing.com.ua/timeline_slider_post/2019/,
,,http://yoga-test.testing.com.ua/timeline_slider_post/2020/,
,,http://yoga-test.testing.com.ua/timeline_slider_post/2021/,
,,http://yoga-test.testing.com.ua/timeline_slider_post/2022/,
,,http://yoga-test.testing.com.ua/timeline_slider_post/2023/,
,,http://yoga-test.testing.com.ua/administration/,
,,http://yoga-test.testing.com.ua/ana-perez-soler/,
,,http://yoga-test.testing.com.ua/andre-riehl/,
,,http://yoga-test.testing.com.ua/arianna-casadei/,
,,http://yoga-test.testing.com.ua/arnaud-bazillais/,
,,http://yoga-test.testing.com.ua/catherine-laugee/,
,,http://yoga-test.testing.com.ua/congress-in-zinal/,
,,http://yoga-test.testing.com.ua/contact-us/,
,,http://yoga-test.testing.com.ua/cristina-ferreira/,
,,http://yoga-test.testing.com.ua/dagmar-blight/,
,,http://yoga-test.testing.com.ua/dan-sion/,
,,http://yoga-test.testing.com.ua/denis-perret/,
,,http://yoga-test.testing.com.ua/dmitry-danilov/,
,,http://yoga-test.testing.com.ua/euy-members/,
,,http://yoga-test.testing.com.ua/euy-spirituality-program/,
,,http://yoga-test.testing.com.ua/fabienne-de-croo/,
,,http://yoga-test.testing.com.ua/flor-stickens/,
,,http://yoga-test.testing.com.ua/francois-lorin/,
,,http://yoga-test.testing.com.ua/frans-moors/,
,,http://yoga-test.testing.com.ua/gert-jan-overdijkink/,
,,http://yoga-test.testing.com.ua/history-of-euy/,
,,http://yoga-test.testing.com.ua/,
,,http://yoga-test.testing.com.ua/huguette-declercq/,
,,http://yoga-test.testing.com.ua/event/integrale-spiritualitat-in-der-postmoderne/,
,,http://yoga-test.testing.com.ua/isabel-lima/,
,,http://yoga-test.testing.com.ua/isabelle-daulte/,
,,http://yoga-test.testing.com.ua/joana-oliveira/,
,,http://yoga-test.testing.com.ua/joy-charnley/,
,,http://yoga-test.testing.com.ua/event/le-lacher-prise-dans-la-pratique-du-yoga/,
,,http://yoga-test.testing.com.ua/le-programme-de-spiritualite-de-luey/,
,,http://yoga-test.testing.com.ua/lina-franco/,
,,http://yoga-test.testing.com.ua/luc-bael/,
,,http://yoga-test.testing.com.ua/luisa-gil/,
,,http://yoga-test.testing.com.ua/marjaana-loven/,
,,http://yoga-test.testing.com.ua/marjo-havinga/,
,,http://yoga-test.testing.com.ua/miriam-brady/,
,,http://yoga-test.testing.com.ua/mitsuko-moser/,
,,http://yoga-test.testing.com.ua/mr-keishin-kimuras-new-book-on-yoga-therapy-darshana/,
,,http://yoga-test.testing.com.ua/event/onderscheid-tussen-concentratie-dharana-en-stille-voorwerploze-meditatie/,
,,http://yoga-test.testing.com.ua/our-articles/,
,,http://yoga-test.testing.com.ua/our-mission-and-values/,
,,http://yoga-test.testing.com.ua/our-news/,
,,http://yoga-test.testing.com.ua/previous/,
,,http://yoga-test.testing.com.ua/quest-ce-que-la-spiritualite/,
,,http://yoga-test.testing.com.ua/roland-haag/,
,,http://yoga-test.testing.com.ua/rozenn-le-calvez/,
,,http://yoga-test.testing.com.ua/spirituality-program/,
,,http://yoga-test.testing.com.ua/event/test-2-upcoming-events/,
,,http://yoga-test.testing.com.ua/event/the-nonretributive-karma-doctrine/,
,,http://yoga-test.testing.com.ua/the-teacher-training-program/,
,,http://yoga-test.testing.com.ua/teams/,
,,http://yoga-test.testing.com.ua/upcoming/,
,,http://yoga-test.testing.com.ua/veronika-hlawatsch/,
,,http://yoga-test.testing.com.ua/wanda-vanni/,
,,http://yoga-test.testing.com.ua/what-is-spirituality/,
